id,candidate_domain,matched_seed,flag_reason,seen_at
15968,aplicacion-nowo.tech,nowo.pt,brand_contains,1784312769
15964,webmail.sef-stadium.gr,sef.pt,brand_contains,1784304995
15963,www.myway-mode.de,mbway.pt,levenshtein,1784304649
15959,m.sef-group.com,sef.pt,brand_contains,1784302289
15958,myway.my,mbway.pt,levenshtein,1784301900
15955,www.vodafoneideain.com,vodafone.pt,brand_contains,1784301768
15952,www.sef-nj.org,sef.pt,brand_contains,1784300466
15951,montepio24empresas.cyou,montepio.pt,brand_contains,1784300447
15949,tef.pt,sef.pt,levenshtein,1784300198
15945,www.eletrizando.codezone.pt,vodafone.pt,levenshtein,1784299826
15944,cubeworkoutstudio.codezone.pt,vodafone.pt,levenshtein,1784299142
15942,mway.li,mbway.pt,levenshtein,1784298719
15941,vodafonemexefest.com,vodafone.pt,brand_contains,1784297923
15938,vodafoneasia.com,vodafone.pt,brand_contains,1784297229
15937,www.captacion-vodafone.es,vodafone.pt,brand_contains,1784296897
15933,vless.cgd-v-less.top,cgd.pt,brand_contains,1784295556
15932,www.vodafonehappydiscountedcinema.com,vodafone.pt,brand_contains,1784295508
15930,vondafone.co.uk,vodafone.pt,levenshtein,1784295345
15928,ifthenfi.com,ifthenpay.com,levenshtein,1784294826
15926,propostach.bancoctt.pt,bancobpi.pt,levenshtein,1784294082
15922,stage.admin.jlr-sef.com,sef.pt,brand_contains,1784292967
15921,corridamontepio.pt,montepio.pt,brand_contains,1784292795
15908,vodafonegenerationnext.gr,vodafone.pt,brand_contains,1784289725
15907,vodafonefantasticfreebies.com,vodafone.pt,brand_contains,1784289724
15906,vodafonegiftcard.com,vodafone.pt,brand_contains,1784289707
15905,vodafonerepair.ie,vodafone.pt,brand_contains,1784289704
15889,laboratornadacevodafone.cz,vodafone.pt,brand_contains,1784289670
15903,www.vodafonefantasticdays.com,vodafone.pt,brand_contains,1784289670
15899,www.vodafonefaf.ie,vodafone.pt,brand_contains,1784289669
15900,www.vodafonexoffers.com,vodafone.pt,brand_contains,1784289669
15901,www.vodafonefantasticfridays.com,vodafone.pt,brand_contains,1784289669
15898,www.vodafone-priebe.de,vodafone.pt,brand_contains,1784289381
15897,opac.bpe.bnportugal.gov.pt,eportugal.gov.pt,levenshtein,1784289323
15896,cpanel.bincoapp.pt,bancobpi.pt,levenshtein,1784289092
15895,staging-v3.dumbways.id,mbway.pt,brand_contains,1784288418
15894,deixaqueeupago.com.br,eupago.pt,brand_contains,1784287754
15893,myway-fc.org.ph,mbway.pt,levenshtein,1784287452
15887,www.myway.casa,mbway.pt,levenshtein,1784285955
15886,www.bpinet.bancobpi.pt.prismapetcolossopet.com.br,bancobpi.pt,subdomain,1784284575
15885,vodafon.one,vodafone.pt,levenshtein,1784284461
15884,www.myway.academy,mbway.pt,levenshtein,1784284314
15883,www.cgd-pro.fr,cgd.pt,brand_contains,1784284097
15875,sgd.pt,cgd.pt,levenshtein,1784282772
15866,montepio24.org,montepio.pt,brand_contains,1784282159
15870,bincoapp.pt,bancobpi.pt,levenshtein,1784280376
15865,sef-padel.de,sef.pt,brand_contains,1784279802
15862,thexpay.com,ifthenpay.com,levenshtein,1784277400
15860,vodafcne.sbs,vodafone.pt,levenshtein,1784276441
15851,ww9.segnalazionivodafone.it,vodafone.pt,brand_contains,1784272288
15850,wordpress.banco.pt,bancobpi.pt,levenshtein,1784272163
15848,mahmood.you-sef.dev,sef.pt,brand_contains,1784271227
15842,mail.monteira.pt,montepio.pt,levenshtein,1784269704
15840,cpanel.vodafonecoupons.al,vodafone.pt,brand_contains,1784267832
15838,digicraft-api.fundacionvodafone.es,vodafone.pt,brand_contains,1784266786
15829,catalogo.comunicaciones-vodafone.es,vodafone.pt,brand_contains,1784266785
15836,digicraft-support.fundacionvodafone.es,vodafone.pt,brand_contains,1784266785
15837,digicraft-evaluacion.fundacionvodafone.es,vodafone.pt,brand_contains,1784266785
15834,vodafone-gk4null.de,vodafone.pt,brand_contains,1784266088
15826,stage.qcheck-api.jlr-sef.com,sef.pt,brand_contains,1784263920
15823,www.meivodafone.de,vodafone.pt,brand_contains,1784262973
15822,myvodafoneportugal.site,vodafone.pt,brand_contains,1784262836
15821,myway.design,mbway.pt,levenshtein,1784261954
15820,casasantaeulalia.mem.pt,meo.pt,levenshtein,1784261257
15818,sst.myway.dk,mbway.pt,levenshtein,1784261009
15814,api.cp.gbway.uz,mbway.pt,levenshtein,1784258604
15810,game.vodafonecu.gr,vodafone.pt,brand_contains,1784256590
15808,vodafone-betting.com,vodafone.pt,brand_contains,1784255431
15788,www.sem.pt,sef.pt,levenshtein,1784255345
15807,test.conta-novobanco.com,novobanco.pt,brand_contains,1784255181
15787,alertnovobanco.com,novobanco.pt,brand_contains,1784254787
15806,portalsdasfinancas.com,portaldasfinancas.gov.pt,levenshtein,1784254153
15805,vodafonebusinessevents.es,vodafone.pt,brand_contains,1784254101
15804,the1pay.com,ifthenpay.com,levenshtein,1784254004
15802,edm.conta-novobanco.com,novobanco.pt,brand_contains,1784253385
15798,www.edupago.mx,eupago.pt,levenshtein,1784252855
15794,www.the7pay.com,ifthenpay.com,levenshtein,1784251510
15791,app.nowo.se,nowo.pt,brand_contains,1784251207
15766,montepiobanc.com,montepio.pt,brand_contains,1784250889
15785,instagram-login-verify-secured-info.com.ph,portaldasfinancas.gov.pt,keyword,1784250638
15784,www.terracalma.mem.pt,meo.pt,levenshtein,1784250547
15765,32.conta-novobanco.online,novobanco.pt,brand_contains,1784250491
15781,mgway.one,mbway.pt,levenshtein,1784250139
15778,francine-myway.com,mbway.pt,levenshtein,1784249243
15777,www.rent.moway.ru,mbway.pt,levenshtein,1784249232
15776,demo.conta-novobanco.com,novobanco.pt,brand_contains,1784249182
15772,webmail.vodafonebusinessmessaging.com,vodafone.pt,brand_contains,1784248642
15770,myway.sh,mbway.pt,levenshtein,1784248040
15764,www.wombways.com,mbway.pt,brand_contains,1784247265
15753,www.rittenpay.com,ifthenpay.com,levenshtein,1784247017
15763,5bway.fr,mbway.pt,levenshtein,1784246780
15760,sorteos.mivodafoneapp.es,vodafone.pt,brand_contains,1784245166
15757,cgd-bancopt.com,cgd.pt,brand_contains,1784244984
15756,www.milleniumbcp.info,millenniumbcp.pt,levenshtein,1784244010
15752,beta.conta-novobanco.online,novobanco.pt,brand_contains,1784243236
15749,diagnosis.hi-cgd.com,cgd.pt,brand_contains,1784242948
15746,gatherpay.com,ifthenpay.com,levenshtein,1784242727
15743,mlway.id,mbway.pt,levenshtein,1784241706
15742,tracking.conta-novobanco.com,novobanco.pt,brand_contains,1784241174
15741,www.vodafone-berater.com,vodafone.pt,brand_contains,1784240609
15740,myway.org.au,mbway.pt,levenshtein,1784240568
15736,ombwayomichael.com,mbway.pt,brand_contains,1784238903
15734,irkdonation.ombwayomichael.com,mbway.pt,brand_contains,1784238886
15732,www.monteyro.pt,montepio.pt,levenshtein,1784237654
15731,instagram-login-access-verify-safe-secure.com.ph,portaldasfinancas.gov.pt,keyword,1784235768
15730,instagram-login-access-safe-verify-secure.com.ph,portaldasfinancas.gov.pt,keyword,1784235758
15729,myway.training,mbway.pt,levenshtein,1784234182
15708,eftelpay.com,ifthenpay.com,levenshtein,1784233615
15726,montepiwo.com,montepio.pt,levenshtein,1784233183
15718,image.conta-novobanco.info,novobanco.pt,brand_contains,1784232747
15717,www.instagram-login-auth-secure-verify.com.ph,portaldasfinancas.gov.pt,keyword,1784232725
15716,pontopro.pt,montepio.pt,levenshtein,1784232497
15714,mappzbeta.conta-novobanco.com,novobanco.pt,brand_contains,1784230953
15711,ww38.centervodafone.de,vodafone.pt,brand_contains,1784230515
15710,conta-novobanco.info,novobanco.pt,brand_contains,1784230496
15705,www.vodafonetopup.shop,vodafone.pt,brand_contains,1784228019
15689,abway.org,mbway.pt,levenshtein,1784227842
15702,uploader.cybertages.mway.club,mbway.pt,levenshtein,1784227785
15701,novobarnco-pt.cc,novobanco.pt,levenshtein,1784227690
15698,t.vodafonebusinessmessaging.com,vodafone.pt,brand_contains,1784226758
15699,cdn.vodafonebusinessmessaging.com,vodafone.pt,brand_contains,1784226758
15700,www.vodafonebusinessmessaging.com,vodafone.pt,brand_contains,1784226758
15696,assets.login.notexistssecureportal.usaaxa.com,sef.pt,keyword,1784226752
15695,www.vodafonenz.ph,vodafone.pt,levenshtein,1784226323
15690,alertme.nowo.se,nowo.pt,brand_contains,1784225893
15688,www.motepio-pt.online,montepio.pt,levenshtein,1784225459
15687,mail.mbay.net,mbway.pt,levenshtein,1784225138
15686,mail.osrodek-myway.pl,mbway.pt,levenshtein,1784225001
15684,www.monteil.lt,montepio.pt,levenshtein,1784224998
15670,dashboard.vodafone-topangebote.de,vodafone.pt,brand_contains,1784224358
15683,mway.com,mbway.pt,levenshtein,1784224284
15681,multibase.pt,multibanco.pt,levenshtein,1784223768
15675,vodaf9ne.de,vodafone.pt,levenshtein,1784222527
15674,www.vodafonespain.com.ph,vodafone.pt,brand_contains,1784222517
15673,www.vodafonesale.com.ph,vodafone.pt,brand_contains,1784222495
15672,vodafone-business.com,vodafone.pt,brand_contains,1784222389
15668,digicraft-api-support.fundacionvodafone.es,vodafone.pt,brand_contains,1784222244
15664,matrix.m-way.net,mbway.pt,levenshtein,1784220752
15661,www.noreplyvodafoneinfo.com,vodafone.pt,brand_contains,1784219957
15655,cgd-bonnus.cfd,cgd.pt,brand_contains,1784219322
15652,sef.academy,sef.pt,brand_contains,1784218689
15648,mebway.pl,mbway.pt,levenshtein,1784217649
15646,arearesellersvodafone.com,vodafone.pt,brand_contains,1784216589
15642,mway.org,mbway.pt,levenshtein,1784215277
15641,myway.ltd,mbway.pt,levenshtein,1784215172
15638,obway.net,mbway.pt,levenshtein,1784214696
15637,instagram-login-verify-secure-access.com.ph,portaldasfinancas.gov.pt,keyword,1784214568
15636,www.vodafonehappy.ie,vodafone.pt,brand_contains,1784213975
15634,precatalogo.comunicaciones-vodafone.es,vodafone.pt,brand_contains,1784213479
15633,digicraft-cms.fundacionvodafone.es,vodafone.pt,brand_contains,1784213470
15630,digicraft-ia.fundacionvodafone.es,vodafone.pt,brand_contains,1784213467
15627,backend.vodafonecoupons.al,vodafone.pt,brand_contains,1784213280
15626,mail.miway.se,mbway.pt,levenshtein,1784213083
15623,www.meupagodemassa.net,eupago.pt,brand_contains,1784211771
15620,mondejo.pt,montepio.pt,levenshtein,1784211387
15619,gd.myway.science,mbway.pt,levenshtein,1784211187
15618,vodafone-event.com,vodafone.pt,brand_contains,1784210945
15616,montesino.at,montepio.pt,levenshtein,1784209398
15615,preprod.abarnou.5bway.fr,mbway.pt,levenshtein,1784209032
15608,vault.sef.wtf,sef.pt,brand_contains,1784207848
15582,www.sex.pt,sef.pt,levenshtein,1784206662
15604,www.instagram-login-verify-secured-locks.com.ph,portaldasfinancas.gov.pt,keyword,1784206109
15602,fundacionvodafone.es,vodafone.pt,brand_contains,1784205882
15601,melbet-sef.top,sef.pt,brand_contains,1784205827
15598,facebook-es-la-login-check-verify-secure.ph,portaldasfinancas.gov.pt,keyword,1784205658
15593,facebook-es-la-secure-login-check-verify.ph,portaldasfinancas.gov.pt,keyword,1784205436
15592,facebook-es-la-check-verify-login-secure.ph,vodafone.pt,keyword,1784205430
15590,www.vodafonehappycinema.com,vodafone.pt,brand_contains,1784205097
15589,iot.vodafoneinnovus.com,vodafone.pt,brand_contains,1784204996
15586,voafone.es,vodafone.pt,levenshtein,1784204777
15581,www.instagram-login-verify-secured-lock.com.ph,portaldasfinancas.gov.pt,keyword,1784204196
15580,www.instagram-login-verify-secured-auth.com.ph,portaldasfinancas.gov.pt,keyword,1784204189
15578,www.instagram-login-verify-secured-code.com.ph,portaldasfinancas.gov.pt,keyword,1784204141
15577,ifthenwin.com,ifthenpay.com,levenshtein,1784203916
15564,instagram-login-verify-secured-check.com.ph,portaldasfinancas.gov.pt,keyword,1784202848
15574,memorial.mway.us,mbway.pt,levenshtein,1784202823
15568,cgd.icu,cgd.pt,brand_contains,1784202363
15567,api.wathanpay.com,ifthenpay.com,levenshtein,1784202032
15566,chat.monteiros.pt,montepio.pt,levenshtein,1784200755
15559,recebeupagou.shop,eupago.pt,brand_contains,1784199839
15558,active-bank.ph,activobank.pt,levenshtein,1784199651
15556,activebank.com.ph,activobank.pt,levenshtein,1784199360
15554,millenniurnbcp.pt,millenniumbcp.pt,levenshtein,1784199162
15549,mbpay.com.ph,mbway.pt,levenshtein,1784197495
15547,www.vodafone-online.store,vodafone.pt,brand_contains,1784197262
15543,abarnou.5bway.fr,mbway.pt,levenshtein,1784196023
15542,myway.nu,mbway.pt,levenshtein,1784195797
15541,kolyan.mway.club,mbway.pt,levenshtein,1784194872
15539,montepiogrupo.com,montepio.pt,brand_contains,1784194097
15538,mbwaygames.icu,mbway.pt,brand_contains,1784193917
15535,api.mesmontepio.cat,montepio.pt,brand_contains,1784192791
15534,contracta.mesmontepio.cat,montepio.pt,brand_contains,1784192790
15533,propostavodafone.com,vodafone.pt,brand_contains,1784191933
15520,www.contratarofertavodafone.es,vodafone.pt,brand_contains,1784191287
15528,myway-hamburg.com,mbway.pt,levenshtein,1784190689
15525,empresas-bancobpi.cc,bancobpi.pt,brand_contains,1784190629
15524,gamecms.vodafonecu.gr,vodafone.pt,brand_contains,1784190566
15521,api.team1.stagingops27.studentdumbways.my.id,mbway.pt,brand_contains,1784190090
15519,ncaportugal.pt,abancaportugal.pt,levenshtein,1784189623
15512,trapp.cgd-platform.fr,cgd.pt,brand_contains,1784187313
15511,mfo.pt,meo.pt,levenshtein,1784186681
15510,myway-jyuku.com,mbway.pt,levenshtein,1784186633
15509,itecpay.com,ifthenpay.com,levenshtein,1784186291
15507,www.pmwines.mem.pt,meo.pt,levenshtein,1784185643
15504,mail.climbway.com,mbway.pt,brand_contains,1784184245
15503,pef.pt,sef.pt,levenshtein,1784184078
15502,mycam-myway.com,mbway.pt,levenshtein,1784184029
15501,vodafone-stiftung-fuer-forschung.de,vodafone.pt,brand_contains,1784183989
15500,www.conta-novobanco.online,novobanco.pt,brand_contains,1784183376
15498,maway.com,mbway.pt,levenshtein,1784183044
15497,sef.com.gr,sef.pt,brand_contains,1784182630
15496,mtway.com,mbway.pt,levenshtein,1784182585
15493,www.nowo-verwaltung.de,nowo.pt,brand_contains,1784181236
15484,www.dev.eau-sef.ch,sef.pt,brand_contains,1784180892
15482,qifeicgd.cgd-v-less.top,cgd.pt,brand_contains,1784180167
15477,www.millenniumbcphl.org,millenniumbcp.pt,brand_contains,1784180141
15479,myway.md,mbway.pt,levenshtein,1784179205
15475,dgrsp.oj.pt,mj.pt,levenshtein,1784178464
15471,analisedespesasizzo.mbwaybusiness.com,mbway.pt,brand_contains,1784176796
15470,tupago.com.ve,eupago.pt,levenshtein,1784176742
15467,cgd-shop.com,cgd.pt,brand_contains,1784176207
15466,www.myway.today,mbway.pt,levenshtein,1784176079
15464,beta.conta-novobanco.com,novobanco.pt,brand_contains,1784175631
15462,monterio.net,montepio.pt,levenshtein,1784175088
15460,www.vodafoneappcard.org.ph,vodafone.pt,brand_contains,1784174944
15455,link.nowo.se,nowo.pt,brand_contains,1784173658
15449,www.modafone.es,vodafone.pt,levenshtein,1784172313
15445,thecpay.com,ifthenpay.com,levenshtein,1784169875
15444,www.sef.or.ke,sef.pt,brand_contains,1784169799
15442,perfil.eupagobem.com.br,eupago.pt,brand_contains,1784168932
15439,espago.com,eupago.pt,levenshtein,1784168607
15435,www.clean-myway.ru,mbway.pt,levenshtein,1784167649
15434,dev.myway.tax,mbway.pt,levenshtein,1784167598
15433,chat.myway.training,mbway.pt,levenshtein,1784167054
15414,uat.vodafone-topangebote.de,vodafone.pt,brand_contains,1784163274
15420,www.gazai.5ing-myway.com,mbway.pt,levenshtein,1784162505
15413,staging.myway.tax,mbway.pt,levenshtein,1784161900
15408,verify-login-portals.com,ifthenpay.com,keyword,1784157718
15398,vodafone-ricaricare.cyou,vodafone.pt,brand_contains,1784154957
15397,vodafoneideasagriculture.com,vodafone.pt,brand_contains,1784154863
15395,vodafoneaccounting.com,vodafone.pt,brand_contains,1784154391
15392,dominiodoacor.mem.pt,meo.pt,levenshtein,1784153243
15391,vodafonehosting.gr,vodafone.pt,brand_contains,1784152218
15390,vodafoneyu.es,vodafone.pt,brand_contains,1784152192
15388,admin.vodafonehosting.gr,vodafone.pt,brand_contains,1784152191
15386,www.vodafone-us.com,vodafone.pt,brand_contains,1784151320
15384,mobivodafone.com.ph,vodafone.pt,brand_contains,1784150638
15382,vodafonemymusic.net.ph,vodafone.pt,brand_contains,1784150360
15379,sitemaps.conta-novobanco.com,novobanco.pt,brand_contains,1784149884
15378,vodafone500.ngo.ph,vodafone.pt,brand_contains,1784149753
15377,vodsfone.it,vodafone.pt,levenshtein,1784149107
15376,bancomontepio24.net.ph,montepio.pt,brand_contains,1784148203
15375,pt-montepio.cc,montepio.pt,brand_contains,1784146831
15370,www.www.www.www.www.www.www.secureportal.slclogin.com,ifthenpay.com,keyword,1784143871
15369,pecvodafoneautomotive.com.ph,vodafone.pt,brand_contains,1784143818
15353,athenday.com,ifthenpay.com,levenshtein,1784142809
15352,sef-stl.org,sef.pt,brand_contains,1784142063
15355,ricaricare-vodafone.pro,vodafone.pt,brand_contains,1784140820
15351,conta-novobanco.com,novobanco.pt,brand_contains,1784140408
15349,www.vodafoneqa.online,vodafone.pt,brand_contains,1784138901
15348,ifthenbut.com,ifthenpay.com,levenshtein,1784138287
15347,www.millennium-cup.ph,millenniumbcp.pt,levenshtein,1784138171
15345,cpcontacts.login-microsoftonline-verifyupdate.20-169-82-185.cpanel.site,meo.pt,keyword,1784137991
15340,dmz.ef.pt,sef.pt,levenshtein,1784137380
15338,www.aricaportugal.pt,abancaportugal.pt,levenshtein,1784137236
15337,www.montepioportugal.cc,montepio.pt,brand_contains,1784137110
15335,ef.pt,sef.pt,levenshtein,1784137002
15331,nourbano.pt,novobanco.pt,levenshtein,1784135631
15326,vodafone-al.top,vodafone.pt,brand_contains,1784133397
15323,monterio.pl,montepio.pt,levenshtein,1784133178
15319,www.myway.company,mbway.pt,levenshtein,1784131091
15315,mail.myway-eg.com,mbway.pt,levenshtein,1784129940
15314,stage.vodafonecu.gr,vodafone.pt,brand_contains,1784129579
15310,telemiran.mem.pt,meo.pt,levenshtein,1784129480
15308,drd.pt,dre.pt,levenshtein,1784126970
15306,myway-tours.com,mbway.pt,levenshtein,1784126264
15304,cgd.vic.gov.au,cgd.pt,brand_contains,1784126006
15301,agemapp.mbwaybusiness.com,mbway.pt,brand_contains,1784124202
15291,ww25.mdm.vodsfone.it,vodafone.pt,levenshtein,1784122627
15290,www.epago.hk,eupago.pt,levenshtein,1784122118
15288,test.payment.cp.gbway.uz,mbway.pt,levenshtein,1784121805
15285,back.mivodafoneapp.es,vodafone.pt,brand_contains,1784121165
15284,agemcontrole.mbwaybusiness.com,mbway.pt,brand_contains,1784120405
15277,montepioempresas.net,montepio.pt,brand_contains,1784118856
15276,npm.server.gbway.uz,mbway.pt,levenshtein,1784118338
15275,gbway.uz,mbway.pt,levenshtein,1784118262
15271,api.gbway.uz,mbway.pt,levenshtein,1784118245
15270,portainer.server.gbway.uz,mbway.pt,levenshtein,1784118235
15269,admin.gbway.uz,mbway.pt,levenshtein,1784118221
15264,tv-myway.com,mbway.pt,levenshtein,1784117605
15263,bancabpm.it,bancobpi.pt,levenshtein,1784117201
15261,cvp-tfc.sef.org.pk,sef.pt,brand_contains,1784116025
15260,smarthome.sef.dk,sef.pt,brand_contains,1784115184
15257,mivodafoneapp.es,vodafone.pt,brand_contains,1784115033
15251,dra.pt,dre.pt,levenshtein,1784112204
15250,ww9.mvodafone.es,vodafone.pt,levenshtein,1784112073
15245,login.vodafoneiot.com.au,vodafone.pt,brand_contains,1784111380
15244,alexandreabreu.codezone.pt,vodafone.pt,levenshtein,1784111366
15243,cgd.jp,cgd.pt,brand_contains,1784110964
15241,montepioempresas-cloud.com,montepio.pt,brand_contains,1784110869
15240,iheypay.com,ifthenpay.com,levenshtein,1784110805
15239,ww38.myway.ac,mbway.pt,levenshtein,1784110590
15235,app.conta-novobanco.info,novobanco.pt,brand_contains,1784106732
15231,staging.login.notexistssecureportal.usaaxa.com,ifthenpay.com,keyword,1784105428
15225,mway.bike,mbway.pt,levenshtein,1784104940
15223,meway.app,mbway.pt,levenshtein,1784104421
15221,www.vodafonecu.gr,vodafone.pt,brand_contains,1784103647
15220,staging.meway.app,mbway.pt,levenshtein,1784103599
15219,www.vodafonexflightoffer.com,vodafone.pt,brand_contains,1784103559
15213,www.cgd.org.ph,cgd.pt,brand_contains,1784102839
15208,www.vandanima.smf.pt,sef.pt,levenshtein,1784101259
15207,paperless.melchior-sef.de,sef.pt,brand_contains,1784100415
15206,grocy.melchior-sef.de,sef.pt,brand_contains,1784100409
15205,pihole.melchior-sef.de,sef.pt,brand_contains,1784100403
15195,nc.melchior-sef.de,sef.pt,brand_contains,1784100390
15203,sef-ravalementdefacades.fr,sef.pt,brand_contains,1784099456
15201,vodafonecasa.com,vodafone.pt,brand_contains,1784099012
15200,vodafone-vois-uk.com,vodafone.pt,brand_contains,1784098582
15194,32whm.backend.login.notexistssecureportal.usaaxa.com,ifthenpay.com,keyword,1784097583
15197,montepioartisticotavirense.pt,montepio.pt,brand_contains,1784096889
15193,www.aureambway.com,mbway.pt,brand_contains,1784095637
15191,www.login.vodafone-assistenza-ygn.cyou,vodafone.pt,brand_contains,1784094576
15190,cpcalendars.sef.me,sef.pt,brand_contains,1784093980
15189,ifthenpaycrm.pt,ifthenpay.com,brand_contains,1784093451
15185,montepiogirlshome.com,montepio.pt,brand_contains,1784092079
15184,www.sef-ag.ch,sef.pt,brand_contains,1784090818
15181,download-millenniumbcp.net.ph,millenniumbcp.pt,brand_contains,1784090284
15180,vodafoneeg.top,vodafone.pt,brand_contains,1784090136
15179,pt-montepioempresas.cc,montepio.pt,brand_contains,1784089570
15178,ww80.vodafonemobile.com,vodafone.pt,brand_contains,1784088876
15177,phvodafoneuk.ngo.ph,vodafone.pt,brand_contains,1784088814
15175,sea.pt,sef.pt,levenshtein,1784088227
15167,mnway.com,mbway.pt,levenshtein,1784086447
15164,mobivodafone.com,vodafone.pt,brand_contains,1784084535
15155,www.assistencia.mso.pt,meo.pt,levenshtein,1784083832
15161,www.nlsgroup2.dev.nls.pt,nos.pt,levenshtein,1784082990
15160,www.jsem-dobry-sef.cz,sef.pt,brand_contains,1784082937
15158,www.authenpay.com,ifthenpay.com,levenshtein,1784082064
15156,vodafonepromotions.studio,vodafone.pt,brand_contains,1784081956
15153,www.vodafonepromotions.live,vodafone.pt,brand_contains,1784081826
15148,www.nowo-technik.com,nowo.pt,brand_contains,1784081434
15147,sethenway.com,ifthenpay.com,levenshtein,1784081194
15144,dvixqgak.conta-novobanco.online,novobanco.pt,brand_contains,1784079427
15143,www.phvodafoneuk.ph,vodafone.pt,brand_contains,1784079036
15139,ftp.modafon.pl,vodafone.pt,levenshtein,1784077699
15138,ebmail.vadofone.it,vodafone.pt,levenshtein,1784075961
15136,cmgd.pt,cgd.pt,levenshtein,1784074182
15134,montebio.it,montepio.pt,levenshtein,1784073636
15132,vodafonemi.org,vodafone.pt,brand_contains,1784071529
15127,ifthenco.com,ifthenpay.com,levenshtein,1784068373
15126,vodafine.co,vodafone.pt,levenshtein,1784067644
15123,www.cral-bancobpm.it,bancobpi.pt,levenshtein,1784067406
15119,www.oferrador.mem.pt,meo.pt,levenshtein,1784066841
15121,www.apps.vodafone-assistenza-ygn.cyou,vodafone.pt,brand_contains,1784064613
15120,myway-solar.de,mbway.pt,levenshtein,1784064413
15117,project.myway-consulting.com,mbway.pt,levenshtein,1784063545
15116,myway-van.pl,mbway.pt,levenshtein,1784063067
15111,faq.myway.app,mbway.pt,levenshtein,1784062411
15110,www.facebook-pass-approve-secure-login-verify.ph,abancaportugal.pt,keyword,1784061963
15109,app.elastomeric-roof-coating-solutions-cgd.cyou,cgd.pt,brand_contains,1784061580
15107,miway.insurance,mbway.pt,levenshtein,1784060594
15106,vodafonehappycinema.de,vodafone.pt,brand_contains,1784060510
15102,vodafonetv.net.ph,vodafone.pt,brand_contains,1784060300
15100,vodafoneusa.net.ph,vodafone.pt,brand_contains,1784060116
15099,vodafonetv.org.ph,vodafone.pt,brand_contains,1784059961
15091,task-mvp.hi-cgd.com,cgd.pt,brand_contains,1784058254
15089,app.vacation-deals-cgd.cyou,cgd.pt,brand_contains,1784057685
15093,staging.ams.sef.edu.pk,sef.pt,brand_contains,1784057648
15084,cpcontacts.signin-amazon.secureverify.20-169-82-185.cpanel.site,nos.pt,keyword,1784055101
15082,r.emails.myway.ma,mbway.pt,levenshtein,1784054121
15069,vodafone-watch.com,vodafone.pt,brand_contains,1784053849
15079,mbwbay.com,mbway.pt,levenshtein,1784053612
15076,10instagram-login-access-verify-secure-lock.com.ph,portaldasfinancas.gov.pt,keyword,1784052775
15075,sef-ai.com,sef.pt,brand_contains,1784052457
15074,moway.eu,mbway.pt,levenshtein,1784052245
15072,speedtest.har.vodafoneidea.com,vodafone.pt,brand_contains,1784051121
15071,vodafone-promo.it,vodafone.pt,brand_contains,1784050526
15066,sef.com.ar,sef.pt,brand_contains,1784049141
15065,bancomontepio-pt.net,montepio.pt,brand_contains,1784047509
15059,www.monero.pt,montepio.pt,levenshtein,1784047298
15064,vodafonex.ie,vodafone.pt,levenshtein,1784047193
15048,supporto.montedit.it,montepio.pt,levenshtein,1784046558
15063,veo.pt,meo.pt,levenshtein,1784046392
15056,www.0instagram-login-access-verify-secure-lock.com.ph,portaldasfinancas.gov.pt,keyword,1784044667
15050,www.muway.com.tw,mbway.pt,levenshtein,1784043207
15047,www.mywaycom.myway.ltd,mbway.pt,levenshtein,1784042258
15024,concepto.pt,montepio.pt,levenshtein,1784042139
15039,www.novolac.pt,novobanco.pt,levenshtein,1784041501
15038,www.panel.vodafone-assistenza-ygn.cyou,vodafone.pt,brand_contains,1784041455
15037,app.file-sync-and-share-tools-cgd.bar,cgd.pt,brand_contains,1784041439
15033,startup.novolac.pt,novobanco.pt,levenshtein,1784040887
15029,vodafoneukhub.shop,vodafone.pt,brand_contains,1784040258
15027,myway-fahrschule.de,mbway.pt,levenshtein,1784039575
15026,www.c-sef.com,sef.pt,brand_contains,1784039557
15025,chat.conta-novobanco.online,novobanco.pt,brand_contains,1784038792
15021,vodafoneshopaalen.de,vodafone.pt,brand_contains,1784037640
15019,login.vacation-deals-cgd.cyou,cgd.pt,brand_contains,1784036738
15017,vodafonewatch.com,vodafone.pt,brand_contains,1784036420
15016,www.instagram-login-access-verify-lock-secure.com.ph,portaldasfinancas.gov.pt,keyword,1784035954
15015,www.instagram-login-access-verify-secure-lock.com.ph,portaldasfinancas.gov.pt,keyword,1784035941
15008,instagram-login-access-secure-verify-lock.com.ph,portaldasfinancas.gov.pt,keyword,1784034456
14998,instagram-login-access-confirm-verify-secure.com.ph,portaldasfinancas.gov.pt,keyword,1784034220
15003,dev.vacation-deals-cgd.cyou,cgd.pt,brand_contains,1784033345
15000,bamp.cgd-platform.fr,cgd.pt,brand_contains,1784032593
14995,test.mpway.ru,mbway.pt,levenshtein,1784030717
14994,instagram-login-verify-secured-access-session.com.ph,portaldasfinancas.gov.pt,keyword,1784029616
14989,instagram-login-verify-secured-access.com.ph,portaldasfinancas.gov.pt,keyword,1784029475
14978,static.monteiros.pt,montepio.pt,levenshtein,1784024306
14977,promo.vodafone-partitaiva.it,vodafone.pt,brand_contains,1784023756
14976,nxs.pt,nos.pt,levenshtein,1784023687
14975,motepro.at,montepio.pt,levenshtein,1784023677
14974,miway.nz,mbway.pt,levenshtein,1784022190
14973,mondego.pt,montepio.pt,levenshtein,1784021616
14972,www.nose.pt,nos.pt,levenshtein,1784020145
14971,www.sel.pt,sef.pt,levenshtein,1784019766
14970,sef-bucatar.ro,sef.pt,brand_contains,1784019395
14966,youweb-bancobpm-it.app,bancobpi.pt,levenshtein,1784017854
14964,mail.noe.pt,nos.pt,levenshtein,1784017526
14962,skillupvodafone.cz,vodafone.pt,brand_contains,1784017287
14960,www.montedil.it,montepio.pt,levenshtein,1784017198
14953,cgd-platform.fr,cgd.pt,brand_contains,1784014927
14952,www.interactivebill.vodsfone.it,vodafone.pt,levenshtein,1784014890
14945,www.ww12.vodafone-tarife.de,vodafone.pt,brand_contains,1784011168
14944,dumbwaystodie-game.com,mbway.pt,brand_contains,1784010865
14936,pos.multimac.pt,multibanco.pt,levenshtein,1784009546
14934,www.agireuropa.cef.pt,sef.pt,levenshtein,1784009294
14930,www.votaciones.sef.es,sef.pt,brand_contains,1784007033
14929,vodafones.com.ph,vodafone.pt,brand_contains,1784006837
14928,www.vodafoneseguro.com.ph,vodafone.pt,brand_contains,1784006719
14927,www.vodafone-topangebote.de,vodafone.pt,brand_contains,1784006570
14906,vodafoneseguros.com.ph,vodafone.pt,brand_contains,1784006522
14926,vodafonespain.org.ph,vodafone.pt,brand_contains,1784006496
14925,vodafonespain.ph,vodafone.pt,brand_contains,1784006482
14924,www.vodafonesale.net.ph,vodafone.pt,brand_contains,1784006480
14917,vodafonesecure.com.ph,vodafone.pt,brand_contains,1784006468
14915,vodafone-starnberg.de,vodafone.pt,brand_contains,1784006242
14908,vodadone.cz,vodafone.pt,levenshtein,1784003187
14900,cpcontacts.seguros-bancolombia.co,novobanco.pt,keyword,1784000615
14899,design.combway.com,mbway.pt,brand_contains,1784000510
14898,mbworld-mbwbay-residences.com.my,mbway.pt,levenshtein,1784000443
14896,www.combway.com,mbway.pt,brand_contains,1784000399
14893,www.plumbwayeheatingsolutions.com,mbway.pt,brand_contains,1784000022
14895,bancopi.com,bancobpi.pt,levenshtein,1783999903
14892,openclaw.cgd-studio.tech,cgd.pt,brand_contains,1783999004
14891,email-portaldasfinancas.com,portaldasfinancas.gov.pt,brand_contains,1783998585
14890,www.moodle.cef.pt,sef.pt,levenshtein,1783998533
14885,nowo.eu,nowo.pt,brand_contains,1783996243
14881,www.comsecurelogin-verify-secure.com.ph,montepio.pt,keyword,1783996177
14883,eupaco.org,eupago.pt,levenshtein,1783995872
14877,www.myway-lauteragnes.com,mbway.pt,levenshtein,1783994221
14870,mta-sts.mvodafone.es,vodafone.pt,levenshtein,1783993260
14873,www.instagram-login-verify-secured-update.com.ph,portaldasfinancas.gov.pt,keyword,1783992320
14872,www.instagram-login-verify-secured-access-update.com.ph,portaldasfinancas.gov.pt,keyword,1783992310
14868,dumbways.id,mbway.pt,brand_contains,1783991436
14865,sef.in,sef.pt,brand_contains,1783990864
14864,renault.multiauto.pt,multibanco.pt,levenshtein,1783990829
14861,instagram-login-verify-secured-update-session.com.ph,portaldasfinancas.gov.pt,keyword,1783989954
14860,instagram-login-verify-secure-update.com.ph,portaldasfinancas.gov.pt,keyword,1783989728
14859,millenniumsc.ph,millenniumbcp.pt,levenshtein,1783989433
14857,www.mf.pt,mj.pt,levenshtein,1783988414
14856,meó.ph,meo.pt,homoglyph,1783988311
14852,sef.im,sef.pt,brand_contains,1783988188
14850,montepiogroup.cc,montepio.pt,brand_contains,1783987617
14849,vodafonexone.nz,vodafone.pt,brand_contains,1783987352
14848,www.mao-com-pt.mao.pt,meo.pt,levenshtein,1783986700
14841,tupago.app,eupago.pt,levenshtein,1783986183
14847,api-sandbox.bway.ng,mbway.pt,levenshtein,1783986134
14834,www.multiarco.pt,multibanco.pt,levenshtein,1783983641
14837,www.sef.com.mx,sef.pt,brand_contains,1783982013
14835,www.instagram-login-access-secure-verify.com.ph,portaldasfinancas.gov.pt,keyword,1783981525
14832,vodafonekabelforum.de,vodafone.pt,brand_contains,1783980218
14831,ifthewar.com,ifthenpay.com,levenshtein,1783979007
14827,www.facebook-account-verify-login-kate-secure.com.ph,portaldasfinancas.gov.pt,keyword,1783978764
14825,cmctrl.mway.app,mbway.pt,levenshtein,1783977290
14820,venteavodafone.com,vodafone.pt,brand_contains,1783976570
14819,reaction-challenge.vodafone-immersive.de,vodafone.pt,brand_contains,1783976381
14818,www.berater-vodafone.de,vodafone.pt,brand_contains,1783976020
14816,www.vodafonefachhandel.de,vodafone.pt,brand_contains,1783975511
14814,vodafonedslsale.ph,vodafone.pt,brand_contains,1783974000
14808,www.mcway.com.ph,mbway.pt,levenshtein,1783971947
14803,denuncias.eupagohub.net,eupago.pt,brand_contains,1783971294
14802,mundosemelhante.pos.pt,nos.pt,levenshtein,1783969812
14800,vodafoneretenciones.es,vodafone.pt,brand_contains,1783968558
14799,vodafonenewsroom.ro,vodafone.pt,brand_contains,1783968456
14798,5gsummit.vodafone-chair.org,vodafone.pt,brand_contains,1783968391
14796,multiauto.pt,multibanco.pt,levenshtein,1783968207
14792,vodafoneofertas.es,vodafone.pt,brand_contains,1783966322
14775,portal.api.millenniumbm.pl,millenniumbcp.pt,levenshtein,1783965519
14785,booi344.mkf-myway.ru,mbway.pt,levenshtein,1783964733
14782,montapc.pt,montepio.pt,levenshtein,1783964084
14780,meway.net,mbway.pt,levenshtein,1783963913
14759,www.gogo-myway.com,mbway.pt,levenshtein,1783963390
14773,myway.org,mbway.pt,levenshtein,1783962789
14769,plombway.ru,mbway.pt,brand_contains,1783962221
14767,www.facebook-account-verify-login-access-secure.com.ph,portaldasfinancas.gov.pt,keyword,1783962134
14766,myvodafone.network,vodafone.pt,brand_contains,1783961546
14765,www.brancoquente.pos.pt,nos.pt,levenshtein,1783961295
14764,backend.login.notexistssecureportal.usaaxa.com,ifthenpay.com,keyword,1783961020
14762,myway.news,mbway.pt,levenshtein,1783960150
14761,nowa.pt,nowo.pt,levenshtein,1783959667
14752,www.m-bancomontepio.net,montepio.pt,brand_contains,1783958700
14740,login.secure-verify.online,sef.pt,keyword,1783956780
14744,balcaoapoiodigital-cgd.com,cgd.pt,brand_contains,1783956123
14713,www.mbways.com,mbway.pt,brand_contains,1783945773
14706,login-q-mai1-portal-verify.xyz,abancaportugal.pt,keyword,1783943766
14705,vodafoneshop-rostock.de,vodafone.pt,brand_contains,1783943680
14704,bad-reichenhall-vodafone.de,vodafone.pt,brand_contains,1783943665
14702,sef-deponiegas.de,sef.pt,brand_contains,1783942678
14701,mail.multiarco.pt,multibanco.pt,levenshtein,1783942657
14700,bre.pt,dre.pt,levenshtein,1783942368
14697,www.sef-et.net.ph,sef.pt,brand_contains,1783941357
14694,api-preprod.iot.vodafoneinnovus.com,vodafone.pt,brand_contains,1783940889
14692,cgd.london,cgd.pt,brand_contains,1783940499
14683,facebook-account-login-secure-verify-kate.com.ph,portaldasfinancas.gov.pt,keyword,1783938294
14678,www.vodafoneelevation.de,vodafone.pt,brand_contains,1783936085
14673,myway-jewellery.pl,mbway.pt,levenshtein,1783933844
14671,www.sef.to,sef.pt,brand_contains,1783933806
14666,cpcontacts.portalsegurobrasil.online,portaldasfinancas.gov.pt,keyword,1783931540
14655,login.client-sqmail.portal.securequanta.com,ifthenpay.com,keyword,1783930237
14645,www.pt-bancobpi.ltd,bancobpi.pt,brand_contains,1783924960
14642,login.secureportal.2808.ru,mj.pt,keyword,1783923784
14637,9www.43210secure-login-verify-paypal.suspicious-domain.xyz,multibanco.pt,keyword,1783923102
14627,www.facebook-account-secure-login-verify-login.com.ph,abancaportugal.pt,keyword,1783918859
14623,www.facebook-account-verify-login-alert-secure.com.ph,portaldasfinancas.gov.pt,keyword,1783917030
14618,www.facebook-account-verify-login-update-secure.com.ph,portaldasfinancas.gov.pt,keyword,1783916443
14615,kittenpay.com,ifthenpay.com,levenshtein,1783915770
14614,www.0secure-login-verify-paypal.suspicious-domain.xyz,multibanco.pt,keyword,1783915467
14612,account.cgd-sport.com,cgd.pt,brand_contains,1783913982
14609,www.sef.mk,sef.pt,brand_contains,1783911885
14599,www.facebook-account-verify-login-secure-help-desk.com.ph,portaldasfinancas.gov.pt,keyword,1783907779
14588,montepiomuseu.org,montepio.pt,brand_contains,1783907751
14598,www.facebook-account-verify-login-change-secure.com.ph,portaldasfinancas.gov.pt,keyword,1783907396
14597,sef-server5.ch,sef.pt,brand_contains,1783907097
14596,facebook-account-verify-login-secure-verify-secure.com.ph,portaldasfinancas.gov.pt,keyword,1783906907
14595,www.facebook-account-secure-login-verify-login-secure.com.ph,portaldasfinancas.gov.pt,keyword,1783906904
14593,facebook-account-verify-login-check-secure.com.ph,portaldasfinancas.gov.pt,keyword,1783906667
14591,cgd-sport.com,cgd.pt,brand_contains,1783906380
14590,www.vodafone-espana.ph,vodafone.pt,brand_contains,1783906302
14589,www.facebook-account-verify-login-secure-check-account.com.ph,portaldasfinancas.gov.pt,keyword,1783905746
14587,www.facebook-account-verify-login-protect-secure.com.ph,portaldasfinancas.gov.pt,keyword,1783905179
14586,www.facebook-account-verify-login-reset-secure.com.ph,abancaportugal.pt,keyword,1783905175
14585,www.idoit-myway.org.ph,mbway.pt,levenshtein,1783904855
14583,sef-gaku.com,sef.pt,brand_contains,1783904524
14581,facebook-account-verify-login-report-secure.com.ph,abancaportugal.pt,keyword,1783904393
14578,demo-shop.eupaso.de,eupago.pt,levenshtein,1783904121
14574,lender.sef.credit,sef.pt,brand_contains,1783903271
14573,sed.pt,sef.pt,levenshtein,1783902586
14569,webmail.cgd-distribution.fr,cgd.pt,brand_contains,1783900672
14566,nol.pt,nos.pt,levenshtein,1783900018
14564,nbway.org,mbway.pt,levenshtein,1783899976
14563,www.afghan-sef.org,sef.pt,brand_contains,1783899770
14561,bway.cz,mbway.pt,levenshtein,1783898788
14559,www.rhumbway.com,mbway.pt,brand_contains,1783898006
14553,miway.cloud,mbway.pt,levenshtein,1783897595
14552,myway-kosmetik-friedland.de,mbway.pt,levenshtein,1783897473
14554,www.nowo-bautechnik.de,nowo.pt,brand_contains,1783894770
14551,myway-eventgroup.de,mbway.pt,levenshtein,1783894503
14548,www.facebook-account-verify-login-secure-access-support.com.ph,abancaportugal.pt,keyword,1783894306
14547,www.facebook-account-verify-login-secure-support-secure.com.ph,abancaportugal.pt,keyword,1783894165
14539,www.facebook-account-verify-login-secure-confirm.com.ph,portaldasfinancas.gov.pt,keyword,1783892123
14537,cpcontacts.amazon-signin-verify-secureacc.20-169-82-185.cpanel.site,nos.pt,keyword,1783891693
14528,cpanel.yeeep.sef.edu.pk,sef.pt,brand_contains,1783886070
14526,mbwqy.cn,mbway.pt,levenshtein,1783884393
14517,cgd-burkina.org,cgd.pt,brand_contains,1783879179
14509,autoconfig.monteira.pt,montepio.pt,levenshtein,1783877433
14507,www.vodafonesalesteam.de,vodafone.pt,brand_contains,1783877381
14501,m.sef-xingkongsports.com,sef.pt,brand_contains,1783875205
14500,myway-coffee.cz,mbway.pt,levenshtein,1783875026
14497,ui.cybertages.mway.club,mbway.pt,levenshtein,1783874467
14493,www.secureportallogin.com,eportugal.gov.pt,keyword,1783873018
14478,vp-sef.ph,sef.pt,brand_contains,1783872391
14487,n-os.pt,nos.pt,levenshtein,1783872161
14486,login.fleet.vodafoneautomotive.com,vodafone.pt,brand_contains,1783871398
14484,mail.vacation-deals-cgd.cyou,cgd.pt,brand_contains,1783870542
14480,www.mobway.cloud,mbway.pt,levenshtein,1783869798
14477,wildcard.mebway.de,mbway.pt,levenshtein,1783869447
14473,www.fundatia-vodafone.ro,vodafone.pt,brand_contains,1783867550
14472,dev.vj.pt,mj.pt,levenshtein,1783867353
14471,wildcard.vodafone-telefoon.nl,vodafone.pt,brand_contains,1783867344
14470,eupigo.cc,eupago.pt,levenshtein,1783867265
14464,smstool.nowo.se,nowo.pt,brand_contains,1783865296
14461,mail.mbay.eu,mbway.pt,levenshtein,1783864537
14460,ardev1.vodafonecu.gr,vodafone.pt,brand_contains,1783863919
14448,facebook-account-verify-login-secure-confirm-secure.com.ph,portaldasfinancas.gov.pt,keyword,1783861833
14444,facebook-account-verify-login-secure-help-secure.com.ph,portaldasfinancas.gov.pt,keyword,1783861630
14437,www.facebook-account-verify-login-access-secure-help.com.ph,portaldasfinancas.gov.pt,keyword,1783860798
14434,www.miway.com.ph,mbway.pt,levenshtein,1783860003
14424,load.sst.myway.dk,mbway.pt,levenshtein,1783858645
14410,cpcontacts.account.login.amaznn.com.verify.213-165-249-34.cpanel.site,dre.pt,keyword,1783856800
14407,iar-vodafone.com,vodafone.pt,brand_contains,1783855592
14406,www.conterio.it,montepio.pt,levenshtein,1783855490
14403,www.b2bfimac.codezone.pt,vodafone.pt,levenshtein,1783854829
14399,www.remote.nowo.it,nowo.pt,brand_contains,1783854496
14398,www.meway.com.vn,mbway.pt,levenshtein,1783854296
14396,bodafone.com.es,vodafone.pt,levenshtein,1783853559
14393,vodadone.nl,vodafone.pt,levenshtein,1783853289
14395,bodegascasamontepio.com,montepio.pt,brand_contains,1783852709
14392,facebook-account-verify-login-securehelp.com.ph,portaldasfinancas.gov.pt,keyword,1783851254
14388,testing.file-sync-and-share-tools-cgd.bar,cgd.pt,brand_contains,1783848471
14362,login.massage-spas-sef.sbs,sef.pt,brand_contains,1783848374
14385,www.vodafoneai.com,vodafone.pt,brand_contains,1783848146
14380,tribunaisnet.nj.pt,mj.pt,levenshtein,1783847434
14379,staging.myway-trainingsorganisation.com,mbway.pt,levenshtein,1783847384
14360,cfp001.mway.app,mbway.pt,levenshtein,1783846930
14374,mail.vodafonevertrieb.de,vodafone.pt,brand_contains,1783846584
14373,autoconfig.voafone.de,vodafone.pt,levenshtein,1783846528
14372,panel.file-sync-and-share-tools-cgd.bar,cgd.pt,brand_contains,1783846353
14370,dev.file-sync-and-share-tools-cgd.bar,cgd.pt,brand_contains,1783845724
14364,mway.app,mbway.pt,levenshtein,1783844353
14363,www.vodafone-gewinnspiel.de,vodafone.pt,brand_contains,1783844341
14354,webmail.yeeep.sef.edu.pk,sef.pt,brand_contains,1783841772
14350,www.vodafone-fibra-casa.it,vodafone.pt,brand_contains,1783840557
14349,www.vodafone-schleswig.de,vodafone.pt,brand_contains,1783839596
14348,vodafonepro.net,vodafone.pt,brand_contains,1783839425
14346,www.vodafonedsluk.ph,vodafone.pt,brand_contains,1783839216
14345,www.vodafonedslstore.ph,vodafone.pt,brand_contains,1783839148
14338,apagar-cgd.com,cgd.pt,brand_contains,1783837527
14337,aftetpay.com,ifthenpay.com,levenshtein,1783837119
14326,eygyyhostmaster.conta-novobanco.com,novobanco.pt,brand_contains,1783836734
14335,cgd-seguropt.com,cgd.pt,brand_contains,1783836211
14332,osrodek-myway.pl,mbway.pt,levenshtein,1783835466
14330,www.mbyay.com,mbway.pt,levenshtein,1783835023
14328,auth-loginnovobanco.com,novobanco.pt,brand_contains,1783834098
14323,openclaw-3tcv.cgd-studio.tech,cgd.pt,brand_contains,1783831025
14320,www.1facebook-account-secure-login-verify-login.com.ph,eportugal.gov.pt,keyword,1783829148
14318,www.mq.pt,mj.pt,levenshtein,1783828780
14313,migration-frontend.ombwayomichael.com,mbway.pt,brand_contains,1783826878
14312,www.vodkacasino-sef.top,sef.pt,brand_contains,1783826784
14311,mentepa.pt,montepio.pt,levenshtein,1783825686
14298,www.myway-haarstudio.de,mbway.pt,levenshtein,1783822405
14296,app.epago.de,eupago.pt,levenshtein,1783821751
14287,kaay-mbaay-markplace.online,mbway.pt,levenshtein,1783820791
14294,sef.com.mk,sef.pt,brand_contains,1783820464
14286,nowo.by,nowo.pt,brand_contains,1783820116
14285,vodafonecampuslab.es,vodafone.pt,brand_contains,1783817233
14280,panel.bypass-myway.ru,mbway.pt,levenshtein,1783814591
14279,facebook-account-verify-kate-securelogin-verify-secure.com.ph,portaldasfinancas.gov.pt,keyword,1783814347
14278,getvodafoneuk.shop,vodafone.pt,brand_contains,1783813676
14275,facebook-account-kate-verify-securelogin-verify.com.ph,portaldasfinancas.gov.pt,keyword,1783813074
14269,shashka.gbway.uz,mbway.pt,levenshtein,1783807713
14268,bateupagou.bet,eupago.pt,brand_contains,1783807452
14264,myway-line.ru,mbway.pt,levenshtein,1783805504
14257,distributor.thenipay.com,ifthenpay.com,levenshtein,1783802341
14256,dumbwaystowin.com,mbway.pt,brand_contains,1783802239
14255,montesino.it,montepio.pt,levenshtein,1783801852
14253,nowo-moments.com,nowo.pt,brand_contains,1783799440
14252,www.7facebook-account-secure-login-verify-tripadvisor.com.ph,portaldasfinancas.gov.pt,keyword,1783799100
14251,montezio.com,montepio.pt,levenshtein,1783798520
14245,caixadirectaonline-cgd-pt.app,cgd.pt,brand_contains,1783798172
14243,epago.de,eupago.pt,levenshtein,1783797059
14242,8facebook-account-login-verify-secure-verify-login.com.ph,abancaportugal.pt,keyword,1783794835
14241,ctiovobank.ph,activobank.pt,levenshtein,1783793345
14235,bway.lk,mbway.pt,levenshtein,1783791283
14227,panel.sef.works,sef.pt,brand_contains,1783787716
14221,mijnaanbodvodafone.nl,vodafone.pt,brand_contains,1783786661
14213,www.help-center-walmart-vendor-associate-secure-login-verify.com.ph,portaldasfinancas.gov.pt,keyword,1783786177
14218,www.mbwa.net,mbway.pt,levenshtein,1783785679
14216,myway-ak.com,mbway.pt,levenshtein,1783785028
14214,www.vodafoneblackberrystorm.ph,vodafone.pt,brand_contains,1783783206
14207,cpcontacts.portalseguro.info,montepio.pt,keyword,1783778704
14204,carquotation.myway.be,mbway.pt,levenshtein,1783777970
14202,cgd-removermovel.com,cgd.pt,brand_contains,1783777540
14190,ww38.sef.bio,sef.pt,brand_contains,1783777010
14184,ralx.residenciasmontepio.pt,montepio.pt,brand_contains,1783775174
14183,kir-admin.myway.academy,mbway.pt,levenshtein,1783774935
14181,elpago.es,eupago.pt,levenshtein,1783774702
14174,vodafone-veri.help,vodafone.pt,brand_contains,1783770384
14161,www.portal.app.1login.autoconfig.gitlab.secure.w80-www.karavan.gr,at.gov.pt,keyword,1783765149
14158,save-maway.ph,mbway.pt,levenshtein,1783764043
14156,myo.pt,meo.pt,levenshtein,1783760789
14151,myway-design.hr,mbway.pt,levenshtein,1783758149
14150,vodafone-ricaricare.rest,vodafone.pt,brand_contains,1783757332
14139,tsa-mgmt.sef.org.pk,sef.pt,brand_contains,1783756411
14134,app.montepiwo.com,montepio.pt,levenshtein,1783752636
14131,myway-digital.com,mbway.pt,levenshtein,1783751480
14129,www.bway.md,mbway.pt,levenshtein,1783750594
14123,www.kalashnikov.elpago.cl,eupago.pt,levenshtein,1783749186
14121,property.secure-login-verify-paypal.suspicious-domain.xyz,sns.gov.pt,keyword,1783746117
14117,vodafonedistribuidor.es,vodafone.pt,brand_contains,1783745289
14116,juangarcia.nowo.tech,nowo.pt,brand_contains,1783745054
14115,www.verificar-mbway.com.ph,mbway.pt,brand_contains,1783744972
14114,montepiio-pt.live,montepio.pt,levenshtein,1783744705
14111,files.vodafoneplayerconnect.com,vodafone.pt,brand_contains,1783742732
14104,drk.pt,dre.pt,levenshtein,1783738702
14102,www.moway.org,mbway.pt,levenshtein,1783738655
14099,mta-sts.msdn.bancobic.pt,bancobpi.pt,levenshtein,1783738021
14096,vidafone.co.uk,vodafone.pt,levenshtein,1783736797
14095,uat.conta-novobanco.com,novobanco.pt,brand_contains,1783736768
14094,nowo.studio,nowo.pt,brand_contains,1783736438
14092,www.facebook-account-secure-login-kate-verify.com.ph,portaldasfinancas.gov.pt,keyword,1783735420
14089,mrbway.com,mbway.pt,levenshtein,1783732914
14084,www.go-myway.com,mbway.pt,levenshtein,1783731914
14081,www.go-myway.co.il,mbway.pt,levenshtein,1783731184
14078,nbway.sbs,mbway.pt,levenshtein,1783729954
14075,www.dro.pt,dre.pt,levenshtein,1783729114
14069,myway-hbg.at,mbway.pt,levenshtein,1783727207
14064,api.bypass-myway.ru,mbway.pt,levenshtein,1783724375
14061,mef.pt,sef.pt,levenshtein,1783724031
14047,cdn.sbway.top,mbway.pt,levenshtein,1783722286
14046,m.cbway.cn,mbway.pt,levenshtein,1783722180
13989,ap1-preprod-pt.apix.vodafonedxl.services,vodafone.pt,brand_contains,1783721852
14043,vbps-backoffice-preprod.apix.vodafonedxl.services,vodafone.pt,brand_contains,1783721702
14042,miway.no,mbway.pt,levenshtein,1783721451
14039,www.sef-formation.info,sef.pt,brand_contains,1783720324
14037,www.sef-associati.ch,sef.pt,brand_contains,1783720239
14034,ops.eupagohub.net,eupago.pt,brand_contains,1783719466
14032,portal.1login.autoconfig.gitlab.secure.w80-www.karavan.gr,dre.pt,keyword,1783719263
14025,emj.pt,mj.pt,levenshtein,1783718505
14023,miway.ca,mbway.pt,levenshtein,1783718454
14022,mumbai.myspeed.vodafoneidea.com,vodafone.pt,brand_contains,1783718402
14020,ap1-preprod.apix.vodafonedxl.services,vodafone.pt,brand_contains,1783718101
14018,mhway.shop,mbway.pt,levenshtein,1783717708
14005,secure.vodafonee.it,vodafone.pt,levenshtein,1783716240
13996,eau-sef.ch,sef.pt,brand_contains,1783715762
13978,cgd-group.com,cgd.pt,brand_contains,1783712854
13973,smartbox.meway.host,mbway.pt,levenshtein,1783711882
13969,w.vodafone-dsl-flatrates.de,vodafone.pt,brand_contains,1783711690
13962,bway.org.ph,mbway.pt,levenshtein,1783710476
13959,ci-sandbox.eupagohub.net,eupago.pt,brand_contains,1783710327
13933,webmail.cgd-metropolitain.com,cgd.pt,brand_contains,1783708511
13932,www.cgd.com.br,cgd.pt,brand_contains,1783708416
13931,app.cgd.com.br,cgd.pt,brand_contains,1783708404
13926,mobway.xyz,mbway.pt,levenshtein,1783707292
13912,bbway.co,mbway.pt,levenshtein,1783705960
13892,vodafon.biz,vodafone.pt,levenshtein,1783703683
13873,secure.vodafone-dsl-flatrates.de,vodafone.pt,brand_contains,1783699817
13864,www.montaco.pt,montepio.pt,levenshtein,1783699353
13714,www.moway.cl,mbway.pt,levenshtein,1783696672
13814,firejokermbway.click,mbway.pt,brand_contains,1783693867
13810,tetherpay.com,ifthenpay.com,levenshtein,1783693429
13796,www.myway.wtf,mbway.pt,levenshtein,1783692391
13766,home.mway.club,mbway.pt,levenshtein,1783691445
13765,webhook.myway.app,mbway.pt,levenshtein,1783691383
13764,navobanco.ph,novobanco.pt,levenshtein,1783691245
13735,cupago.com,eupago.pt,levenshtein,1783688110
